ISABELLA,1186,,,
SOPHIA,1104,,,
OLIVIA,880,,,
EMMA,834,,,
MIA,834,,,
EMILY,808,,,
MADISON,748,,,
LEAH,722,,,
JACOB,699,,,
ETHAN,670,,,
CHLOE,666,,,
SARAH,616,,,
SOFIA,612,,,
MATTHEW,598,,,
MICHAEL,597,,,
DANIEL,596,,,
AVA,558,,,
ASHLEY,556,,,
JUSTIN,551,,,
DAVID,548,,,
AIDEN,529,,,
ABIGAIL,516,,,
VICTORIA,512,,,
ALEXANDER,502,,,
JOSEPH,477,,,
ESTHER,476,,,
RYAN,467,,,
ANTHONY,454,,,
RACHEL,448,,,
SAMANTHA,446,,,
JOSHUA,443,,,
CHRISTOPHER,432,,,
ZOE,428,,,
GABRIELLA,424,,,
DYLAN,420,,,
HAILEY,414,,,
KAYLA,412,,,
ELIZABETH,400,,,
BRIANNA,394,,,
MAYA,390,,,
CAMILA,376,,,
ELLA,368,,,
NOAH,366,,,
LUCAS,365,,,
MASON,365,,,
ANDREW,364,,,
WILLIAM,361,,,
JONATHAN,357,,,
CHAYA,356,,,
GRACE,354,,,
JULIA,344,,,
ANGEL,339,,,
CHRISTIAN,339,,,
ALEXANDRA,338,,,
BENJAMIN,333,,,
KEVIN,332,,,
LIAM,320,,,
SARA,320,,,
ANGELINA,318,,,
JOHN,317,,,
SAMUEL,315,,,
BRANDON,314,,,
ELIJAH,313,,,
NICHOLAS,313,,,
JAMES,311,,,
ARIANNA,308,,,
ALYSSA,304,,,
CHARLOTTE,304,,,
GABRIEL,303,,,
NICOLE,298,,,
EVA,288,,,
MIRIAM,284,,,
MICHELLE,282,,,
SEBASTIAN,279,,,
KAYLEE,278,,,
MELANIE,278,,,
AARON,273,,,
JEREMIAH,273,,,
HANNAH,270,,,
JASON,269,,,
AALIYAH,264,,,
CHANA,264,,,
GIANNA,260,,,
LONDON,258,,,
AMELIA,256,,,
ANNA,256,,,
KATHERINE,250,,,
ALLISON,244,,,
AMY,244,,,
TYLER,241,,,
ALEXA,238,,,
EVELYN,238,,,
JASMINE,236,,,
LILY,234,,,
NATALIE,234,,,
ARIANA,232,,,
VALENTINA,232,,,
ADRIAN,229,,,
AYDEN,226,,,
RIVKA,226,,,
JACK,225,,,
KHLOE,224,,,
MOSHE,224,,,
LAYLA,222,,,
MAKAYLA,222,,,
GENESIS,218,,,
EVAN,218,,,
ADAM,217,,,
HENRY,213,,,
BELLA,210,,,
JULIAN,208,,,
KIMBERLY,206,,,
NAOMI,204,,,
SOPHIE,204,,,
ISAAC,196,,,
MARIA,196,,,
ABRAHAM,194,,,
GABRIELA,194,,,
SAVANNAH,192,,,
SCARLETT,192,,,
TAYLOR,192,,,
ISAIAH,191,,,
NATHAN,191,,,
NATHANIEL,189,,,
ADRIANA,188,,,
JESSICA,188,,,
ALICE,186,,,
ERIC,186,,,
NEVAEH,184,,,
STEVEN,183,,,
ARIEL,182,,,
LAILA,182,,,
STELLA,182,,,
CHARLES,181,,,
JORDAN,180,,,
REBECCA,178,,,
SERENITY,178,,,
XAVIER,178,,,
LAUREN,174,,,
JADEN,171,,,
JOSIAH,171,,,
AMANDA,168,,,
GABRIELLE,168,,,
THOMAS,165,,,
GITTY,164,,,
NATALIA,164,,,
SABRINA,164,,,
CHELSEA,160,,,
KAITLYN,160,,,
KYLIE,160,,,
ELI,157,,,
FIONA,156,,,
LOGAN,156,,,
TIFFANY,156,,,
ALEX,154,,,
DANIELA,154,,,
JENNIFER,154,,,
ZOEY,154,,,
OLIVER,152,,,
VINCENT,152,,,
BRIAN,151,,,
JEREMY,150,,,
JOEL,149,,,
ISABEL,148,,,
VIVIAN,148,,,
CHAIM,147,,,
AIDAN,146,,,
JADA,146,,,
FAIGY,144,,,
JOSE,144,,,
STEPHANIE,144,,,
IAN,143,,,
FAITH,142,,,
JAYLA,142,,,
MAX,142,,,
NINA,142,,,
RILEY,142,,,
VANESSA,142,,,
ELIANA,140,,,
BRYAN,138,,,
DANIELLA,138,,,
DESTINY,138,,,
AVERY,136,,,
JADE,136,,,
LEO,136,,,
ZACHARY,136,,,
ALEXIS,135,,,
ANGELA,134,,,
MILA,134,,,
CALEB,133,,,
ROBERT,133,,,
LESLIE,132,,,
LUIS,131,,,
LUKE,129,,,
CAROLINE,128,,,
DIANA,128,,,
VALERIE,128,,,
AMAYA,126,,,
KAREN,126,,,
KELLY,126,,,
LILLIAN,126,,,
MALKA,126,,,
AMIR,125,,,
CHRISTINA,124,,,
CLAIRE,124,,,
ANDREA,122,,,
JOCELYN,122,,,
MYA,122,,,
IVAN,121,,,
JAKE,121,,,
CATHERINE,120,,,
FATIMA,120,,,
AUSTIN,118,,,
GEORGE,118,,,
MALKY,118,,,
MIKAYLA,118,,,
NYLA,118,,,
SYDNEY,118,,,
GAVIN,117,,,
GIOVANNI,117,,,
TRISTAN,116,,,
CAMERON,115,,,
ALIYAH,114,,,
LILIANA,114,,,
AMBER,112,,,
JULIET,112,,,
VICTOR,111,,,
SIENNA,110,,,
CARLOS,109,,,
KYLE,109,,,
SEAN,109,,,
DAISY,108,,,
ISABELLE,108,,,
JULIANA,108,,,
KATE,108,,,
MADELINE,108,,,
MARIAH,108,,,
RICHARD,105,,,
DEREK,104,,,
OWEN,104,,,
PENELOPE,104,,,
VIOLET,104,,,
EMMANUEL,103,,,
MENACHEM,103,,,
AUBREY,102,,,
FATOUMATA,102,,,
JAYLEEN,102,,,
MORGAN,102,,,
RAIZY,102,,,
YOSEF,102,,,
ELIAS,101,,,
JACKSON,101,,,
MIGUEL,101,,,
ANGELICA,100,,,
ANNABELLE,100,,,
EMELY,100,,,
IVY,100,,,
JACQUELINE,100,,,
MELISSA,100,,,
JUAN,99,,,
ANIYAH,98,,,
IRIS,98,,,
JULIANNA,98,,,
KIARA,98,,,
LIA,98,,,
MARIAM,98,,,
SKYLAR,98,,,
ALAN,96,,,
PATRICK,96,,,
RUBY,96,,,
SHAINDY,96,,,
DANIELLE,94,,,
ELENA,94,,,
GIA,94,,,
HEAVEN,94,,,
LUCY,94,,,
SHIMON,94,,,
ALICIA,92,,,
BRIELLE,92,,,
CHAVA,92,,,
LEILANI,92,,,
PAIGE,92,,,
NICOLAS,92,,,
ROSE,92,,,
MARCUS,91,,,
AUDREY,90,,,
BROOKE,90,,,
VALERIA,90,,,
MARK,89,,,
ADRIANNA,88,,,
DEVORAH,88,,,
CHASE,88,,,
DEVIN,88,,,
MOHAMED,88,,,
EDWIN,86,,,
LUCIA,86,,,
OMAR,86,,,
RIVKY,86,,,
SADIE,86,,,
LEONARDO,84,,,
NYLAH,84,,,
DINA,82,,,
GIULIANA,82,,,
OSCAR,82,,,
PHOEBE,82,,,
EDWARD,81,,,
ANDY,80,,,
ARIELLA,80,,,
BAILA,80,,,
SASHA,80,,,
SKYLA,80,,,
CLARA,78,,,
DANNA,78,,,
ELEANOR,78,,,
IMANI,78,,,
LEA,78,,,
PETER,78,,,
SARAI,78,,,
TOBY,78,,,
JAIDEN,77,,,
CHANY,76,,,
ERIN,76,,,
GISELLE,76,,,
JOANNA,76,,,
JULIETTE,76,,,
MORDECHAI,76,,,
MUHAMMAD,76,,,
NIA,76,,,
TENZIN,76,,,
ANTONIO,75,,,
YISROEL,75,,,
HINDY,74,,,
KATELYN,74,,,
MOHAMMED,74,,,
YEHUDA,74,,,
AISHA,72,,,
ALINA,72,,,
AUTUMN,72,,,
JOYCE,72,,,
KAMILA,72,,,
MELODY,72,,,
MOLLY,72,,,
MALACHI,72,,,
LUCA,71,,,
EDEN,70,,,
JESUS,70,,,
LIANA,70,,,
TIMOTHY,70,,,
AXEL,69,,,
ALEJANDRO,68,,,
BIANCA,68,,,
LILA,68,,,
NOA,68,,,
JONAH,67,,,
ALESSANDRA,66,,,
ANA,66,,,
BEATRICE,66,,,
EMILIA,66,,,
FRANCESCA,66,,,
GOLDY,66,,,
IZABELLA,66,,,
JOSEPHINE,66,,,
MILES,66,,,
SERENA,66,,,
ADDISON,64,,,
ALISON,64,,,
BRIANA,64,,,
CONNOR,64,,,
EILEEN,64,,,
LAURA,64,,,
PARIS,64,,,
VERONICA,64,,,
VICKY,64,,,
YITTY,64,,,
ALVIN,63,,,
AMINA,62,,,
IRENE,62,,,
MADELYN,62,,,
KAYDEN,62,,,
SUMMER,62,,,
BLAKE,61,,,
KAI,61,,,
MATEO,61,,,
SHLOMO,61,,,
SIMON,61,,,
ANGELIQUE,60,,,
ARON,60,,,
HARPER,60,,,
ERICK,60,,,
JOSELYN,60,,,
KATIE,60,,,
LEILA,60,,,
LIZBETH,60,,,
NADIA,60,,,
TIANA,60,,,
YAKOV,60,,,
KENNETH,59,,,
ALANA,58,,,
AHMED,58,,,
ANGIE,58,,,
DELILAH,58,,,
JACE,58,,,
LENA,58,,,
RAFAEL,58,,,
SCARLET,58,,,
ALI,57,,,
AMARI,57,,,
FELIX,57,,,
CECILIA,56,,,
ELAINE,56,,,
HAZEL,56,,,
HUNTER,56,,,
MACKENZIE,56,,,
MILAN,56,,,
SELENA,56,,,
TRINITY,56,,,
WENDY,56,,,
YITZCHOK,56,,,
ASHER,55,,,
BRYCE,55,,,
LEVI,55,,,
CARTER,54,,,
CINDY,54,,,
DIEGO,54,,,
DOMINIC,54,,,
ERIKA,54,,,
ESMERALDA,54,,,
ITZEL,54,,,
JANE,54,,,
JENNY,54,,,
JORDYN,54,,,
MARYAM,54,,,
SARIAH,54,,,
SHIRLEY,54,,,
CRISTIAN,53,,,
HARRISON,53,,,
HUDSON,53,,,
THEODORE,53,,,
AMIRA,52,,,
CRYSTAL,52,,,
ELLIE,52,,,
FRAIDY,52,,,
GEORGIA,52,,,
GUADALUPE,52,,,
JAYDA,52,,,
NATHALIE,52,,,
PESSY,52,,,
SANAA,52,,,
SELINA,52,,,
TALIA,52,,,
ANDRES,51,,,
DANNY,51,,,
JADIEL,51,,,
MARTIN,51,,,
RAYMOND,51,,,
AMINATA,50,,,
ARIA,50,,,
ELIZA,50,,,
ISRAEL,50,,,
KARLA,50,,,
LONDYN,50,,,
LUZ,50,,,
MARGARET,50,,,
MCKENZIE,50,,,
NECHAMA,50,,,
SANTIAGO,50,,,
WINNIE,50,,,
YIDES,50,,,
ZARA,50,,,
ZISSY,50,,,
BRACHA,48,,,
CHARLIE,48,,,
CYNTHIA,48,,,
ELOISE,48,,,
JAZMIN,48,,,
LUNA,48,,,
MADELEINE,48,,,
MINDY,48,,,
RANDY,48,,,
SOLOMON,48,,,
ZION,48,,,
ALLEN,47,,,
LOUIS,47,,,
MEIR,47,,,
ZEV,47,,,
ANAYA,46,,,
BLIMY,46,,,
DOV,46,,,
GITTEL,46,,,
HELEN,46,,,
JANELLE,46,,,
FRANK,46,,,
KIMORA,46,,,
LIBBY,46,,,
MOHAMMAD,46,,,
NORA,46,,,
PEARL,46,,,
PRINCE,46,,,
SAMARA,46,,,
YEHUDIS,46,,,
ZAINAB,46,,,
ASHTON,45,,,
EDUARDO,45,,,
YAAKOV,45,,,
ADELE,44,,,
ALIZA,44,,,
AMIRAH,44,,,
ANGELO,44,,,
BRITTANY,44,,,
DAYANA,44,,,
EVE,44,,,
JAYLENE,44,,,
JENNA,44,,,
JEFFREY,44,,,
LOLA,44,,,
MARIAMA,44,,,
ROCHEL,44,,,
SHIRA,44,,,
SHOSHANA,44,,,
SHMUEL,44,,,
YARETZI,44,,,
LANDON,43,,,
SHAWN,43,,,
AILEEN,42,,,
IBRAHIM,42,,,
LYLA,42,,,
MAEVE,42,,,
MEGAN,42,,,
PARKER,42,,,
PAUL,42,,,
RIHANNA,42,,,
SANAI,42,,,
SHULEM,42,,,
VIVIENNE,42,,,
YAEL,42,,,
MICAH,41,,,
TRAVIS,41,,,
TZVI,41,,,
AMIYAH,40,,,
ANNIE,40,,,
ARIELLE,40,,,
BATSHEVA,40,,,
BLIMA,40,,,
DULCE,40,,,
DOVID,40,,,
HARMONY,40,,,
JASMIN,40,,,
KAILEY,40,,,
LIBA,40,,,
NATHALY,40,,,
PEYTON,40,,,
RAIZEL,40,,,
SHARON,40,,,
SHIFRA,40,,,
SURY,40,,,
YOCHEVED,40,,,
JIA,39,,,
JORGE,39,,,
ADINA,38,,,
ALLYSON,38,,,
ANASTASIA,38,,,
ANIYA,38,,,
AVRAHAM,38,,,
BRUCHA,38,,,
ERICA,38,,,
ELIEZER,38,,,
JAVIER,38,,,
JAYLEN,38,,,
JAYSON,38,,,
JEAN,38,,,
KAYLEEN,38,,,
MARCO,38,,,
MAXWELL,38,,,
SIMA,38,,,
VERA,38,,,
ZAHRA,38,,,
CHRIS,37,,,
COLE,37,,,
DOMINICK,37,,,
LEON,37,,,
AVIVA,36,,,
DANA,36,,,
ESTY,36,,,
HENNY,36,,,
JESSIE,36,,,
ELIYAHU,36,,,
JERRY,36,,,
JOHNNY,36,,,
KINGSLEY,36,,,
LORENZO,36,,,
MENDEL,36,,,
SAMIYAH,36,,,
SALVATORE,36,,,
XIMENA,36,,,
XIN,36,,,
JOSUE,35,,,
KADEN,35,,,
RICARDO,35,,,
SAM,35,,,
ADRIEL,34,,,
ANALIA,34,,,
AYESHA,34,,,
BRENDA,34,,,
DEVORA,34,,,
ELISA,34,,,
ELLE,34,,,
HAYLEE,34,,,
JESSE,34,,,
JUDAH,34,,,
KEILY,34,,,
MALIA,34,,,
MIAH,34,,,
MILEY,34,,,
NAYELI,34,,,
SALMA,34,,,
SLOANE,34,,,
TAMIA,34,,,
WILSON,34,,,
ANDERSON,33,,,
DARREN,33,,,
ELLIOT,33,,,
EZRA,33,,,
MEKHI,33,,,
NASIR,33,,,
PRESTON,33,,,
QUINN,33,,,
AHUVA,32,,,
ALEJANDRA,32,,,
ADEN,32,,,
ALONDRA,32,,,
ANDRE,32,,,
AURORA,32,,,
AYLIN,32,,,
BRYANNA,32,,,
DENISE,32,,,
COLIN,32,,,
DECLAN,32,,,
EMERSON,32,,,
FAIGA,32,,,
FRADEL,32,,,
HEIDY,32,,,
JAZLYN,32,,,
FRANCISCO,32,,,
GREGORY,32,,,
JAY,32,,,
JULISSA,32,,,
LESLY,32,,,
MARY,32,,,
MICHAL,32,,,
PRINCESS,32,,,
ROSELYN,32,,,
SADE,32,,,
SHAINA,32,,,
SIENA,32,,,
SYEDA,32,,,
SIMCHA,32,,,
TORI,32,,,
AYAAN,31,,,
BRAYDEN,31,,,
DARIEL,31,,,
HECTOR,31,,,
MANUEL,31,,,
MOSES,31,,,
SHANE,31,,,
ABDULLAH,30,,,
ALISSON,30,,,
AMANI,30,,,
AMELIE,30,,,
ARI,30,,,
BATYA,30,,,
BREINDY,30,,,
BROOKLYN,30,,,
DAHLIA,30,,,
DAKOTA,30,,,
COOPER,30,,,
EGYPT,30,,,
ESTRELLA,30,,,
ETTY,30,,,
FANTA,30,,,
GEMMA,30,,,
HADASSAH,30,,,
HAWA,30,,,
HEIDI,30,,,
KAYLIE,30,,,
MALAK,30,,,
MICHAELA,30,,,
MATTEO,30,,,
NANA,30,,,
PEREL,30,,,
QUEENIE,30,,,
SHAINDEL,30,,,
SHILOH,30,,,
SIMONE,30,,,
SKYE,30,,,
SHIA,30,,,
STEPHEN,30,,,
ARTHUR,29,,,
CARMELO,29,,,
CESAR,29,,,
EDGAR,29,,,
JARED,29,,,
MARCOS,29,,,
MAXIMILIAN,29,,,
MAXIMUS,29,,,
PEDRO,29,,,
USHER,29,,,
AICHA,28,,,
ALESSIA,28,,,
ALBERT,28,,,
ALISA,28,,,
ANIKA,28,,,
ANNABEL,28,,,
AYLEEN,28,,,
BRIDGET,28,,,
BRYNN,28,,,
COLETTE,28,,,
ELISHEVA,28,,,
ESTER,28,,,
FERNANDA,28,,,
GOLDA,28,,,
HALEY,28,,,
ISLA,28,,,
JANICE,28,,,
JAZMINE,28,,,
FERNANDO,28,,,
JOY,28,,,
JOHAN,28,,,
KALIYAH,28,,,
MALIYAH,28,,,
MATILDA,28,,,
MELANY,28,,,
MIKAELA,28,,,
KAIDEN,28,,,
NELSON,28,,,
SHANIA,28,,,
SURI,28,,,
TESSA,28,,,
TINA,28,,,
TZIVIA,28,,,
ZARIAH,28,,,
ADONIS,27,,,
ARJUN,27,,,
AVROHOM,27,,,
JULIO,27,,,
LUKAS,27,,,
MAMADOU,27,,,
MARC,27,,,
MAXIM,27,,,
YECHIEL,27,,,
ADA,26,,,
AISSATOU,26,,,
APRIL,26,,,
ASHLY,26,,,
BRUCHY,26,,,
DAMIAN,26,,,
DENNIS,26,,,
ELISE,26,,,
GERALDINE,26,,,
HAYLEY,26,,,
ISIS,26,,,
JANIYA,26,,,
JANNAT,26,,,
JAYLIN,26,,,
EMANUEL,26,,,
JULIUS,26,,,
KENNEDY,26,,,
KRYSTAL,26,,,
LARA,26,,,
LILLY,26,,,
LINA,26,,,
LYRIC,26,,,
MILENA,26,,,
NAHLA,26,,,
NATALY,26,,,
PHILIP,26,,,
REESE,26,,,
RIFKY,26,,,
RAYAN,26,,,
ROIZY,26,,,
SANIYA,26,,,
SANIYAH,26,,,
SHERLYN,26,,,
SYMPHONY,26,,,
SHAYA,26,,,
TIANNA,26,,,
WILLA,26,,,
YACHET,26,,,
YU,26,,,
ZARIA,26,,,
EDISON,25,,,
EFRAIM,25,,,
JARIEL,25,,,
PABLO,25,,,
WYATT,25,,,
YADIEL,25,,,
ADELINE,24,,,
AIMEE,24,,,
ALEENA,24,,,
ARELY,24,,,
ARYA,24,,,
ATHENA,24,,,
ARYEH,24,,,
BARBARA,24,,,
BRITNEY,24,,,
BRADLEY,24,,,
CAMILLE,24,,,
CARMEN,24,,,
CASEY,24,,,
CHRISTY,24,,,
DIYA,24,,,
DEAN,24,,,
ELIANNY,24,,,
FATOU,24,,,
GENEVIEVE,24,,,
GRETA,24,,,
JANIYAH,24,,,
JAYLAH,24,,,
HERSHEL,24,,,
JOHANNA,24,,,
KATHRYN,24,,,
KAYLIN,24,,,
KENDRA,24,,,
KEYLA,24,,,
KYLA,24,,,
LEORA,24,,,
LESLEY,24,,,
LILAH,24,,,
LINDSAY,24,,,
MANDY,24,,,
MARIANA,24,,,
MINA,24,,,
MALIK,24,,,
MAYER,24,,,
NOEL,24,,,
PERLA,24,,,
RIFKA,24,,,
RUCHY,24,,,
TARAJI,24,,,
SINCERE,24,,,
TZIPORA,24,,,
BRAYAN,23,,,
BRENDAN,23,,,
CALVIN,23,,,
FINN,23,,,
JOAQUIN,23,,,
MARIO,23,,,
MESSIAH,23,,,
STANLEY,23,,,
ALYSON,22,,,
ANGELY,22,,,
AVIGAIL,22,,,
BEN,22,,,
CAITLIN,22,,,
CAROLINA,22,,,
CELESTE,22,,,
CHRISTINE,22,,,
DAMARIS,22,,,
ELIANNA,22,,,
ELINA,22,,,
ELLIANA,22,,,
ESHAL,22,,,
ESSENCE,22,,,
FINLEY,22,,,
HADASSA,22,,,
HANNA,22,,,
INGRID,22,,,
JAELYNN,22,,,
JAMIE,22,,,
JASLENE,22,,,
HAYDEN,22,,,
JIMENA,22,,,
KAELYN,22,,,
KAILYN,22,,,
KELSEY,22,,,
KIRA,22,,,
MIRANDA,22,,,
KELVIN,22,,,
NATASHA,22,,,
NOEMI,22,,,
PIPER,22,,,
RAINA,22,,,
RAQUEL,22,,,
RUTH,22,,,
SHANIYA,22,,,
STEPHANY,22,,,
SYLVIA,22,,,
TAMAR,22,,,
TATIANA,22,,,
VERONIKA,22,,,
VIVIANA,22,,,
YAMILET,22,,,
YEHOSHUA,22,,,
BARUCH,21,,,
DANTE,21,,,
ELVIS,21,,,
EMILIO,21,,,
GRAHAM,21,,,
GRIFFIN,21,,,
HERSHY,21,,,
LUKA,21,,,
RAPHAEL,21,,,
SHOLOM,21,,,
URIEL,21,,,
ABBY,20,,,
AIZA,20,,,
ABDUL,20,,,
AKIVA,20,,,
ALISHA,20,,,
ARIANNY,20,,,
ARIELA,20,,,
ATARA,20,,,
ARMANI,20,,,
AYLA,20,,,
BONNIE,20,,,
BRIANNY,20,,,
CASSANDRA,20,,,
CELIA,20,,,
CARSON,20,,,
CHAVY,20,,,
CHEYENNE,20,,,
CORA,20,,,
CRISTINA,20,,,
DALIA,20,,,
CODY,20,,,
FRIMET,20,,,
GIOVANNA,20,,,
IDY,20,,,
ILANA,20,,,
ISABELA,20,,,
JALIYAH,20,,,
JAYLYN,20,,,
JACKY,20,,,
JASPER,20,,,
JULIE,20,,,
KAMIYAH,20,,,
KATELYNN,20,,,
KAYLEIGH,20,,,
KENYA,20,,,
KYLEE,20,,,
LEELA,20,,,
LEYLA,20,,,
MAGGIE,20,,,
MARILYN,20,,,
MARISOL,20,,,
MIRI,20,,,
KENNY,20,,,
LAZER,20,,,
MATIAS,20,,,
MILO,20,,,
NANCY,20,,,
NATHALIA,20,,,
NICOLETTE,20,,,
PAOLA,20,,,
RENEE,20,,,
ROSA,20,,,
SAMIYA,20,,,
SAVANNA,20,,,
SHEVY,20,,,
SIMI,20,,,
SORAYA,20,,,
STACY,20,,,
TABITHA,20,,,
TANISHA,20,,,
TZIPORAH,20,,,
TZIPPY,20,,,
YASMINE,20,,,
ZAHARA,20,,,
ZANIYAH,20,,,
ZURI,20,,,
YOEL,20,,,
AHARON,19,,,
BENSON,19,,,
BRODY,19,,,
BYRON,19,,,
FRANCESCO,19,,,
GRAYSON,19,,,
KHALIL,19,,,
KYMANI,19,,,
LIPA,19,,,
MATHEW,19,,,
OMARI,19,,,
ROCCO,19,,,
RUBEN,19,,,
ZAIRE,19,,,
ANSON,18,,,
ARYAN,18,,,
DARWIN,18,,,
DERICK,18,,,
ERIK,18,,,
GAEL,18,,,
JUNIOR,18,,,
KALEB,18,,,
MOISES,18,,,
MOISHE,18,,,
NAFTALI,18,,,
NAFTULI,18,,,
AHRON,17,,,
BRYANT,17,,,
ELIAN,17,,,
FARHAN,17,,,
ILAN,17,,,
ISMAEL,17,,,
KAMARI,17,,,
MIKE,17,,,
SHLOME,17,,,
SHMIEL,17,,,
YITZCHAK,17,,,
ABDOUL,16,,,
AUGUST,16,,,
BORUCH,16,,,
ELIMELECH,16,,,
HARRY,16,,,
JASIAH,16,,,
JERMAINE,16,,,
JOHNATHAN,16,,,
LEANDRO,16,,,
MARVIN,16,,,
MAURICE,16,,,
RICKY,16,,,
RYDER,16,,,
SHEA,16,,,
SYED,16,,,
TONY,16,,,
YAHIR,16,,,
AARAV,15,,,
ALBERTO,15,,,
ALFREDO,15,,,
AMADOU,15,,,
AMARE,15,,,
ARMAAN,15,,,
CHANCE,15,,,
DAMIEN,15,,,
GAVRIEL,15,,,
GUSTAVO,15,,,
JALEN,15,,,
LAMAR,15,,,
MYLES,15,,,
PINCHAS,15,,,
RODRIGO,15,,,
ROHAN,15,,,
SEKOU,15,,,
SHLOIME,15,,,
SPENCER,15,,,
ABEL,14,,,
ADITYA,14,,,
BINYOMIN,14,,,
BRYSON,14,,,
CHESKEL,14,,,
DWAYNE,14,,,
EITAN,14,,,
ENRIQUE,14,,,
FRANKLIN,14,,,
GRANT,14,,,
HERSH,14,,,
JAHMIR,14,,,
JEFFERSON,14,,,
JEREMIAS,14,,,
JIMMY,14,,,
JULIEN,14,,,
KAMERON,14,,,
KING,14,,,
LAWRENCE,14,,,
OUSMANE,14,,,
ROMEO,14,,,
YISRAEL,14,,,
ZALMEN,14,,,
ZYAIRE,14,,,
ABDOULAYE,13,,,
AMROM,13,,,
BENZION,13,,,
BRADY,13,,,
CONOR,13,,,
CRISTOPHER,13,,,
EMILIANO,13,,,
ESTEBAN,13,,,
FILIP,13,,,
FREDDY,13,,,
GIOVANNY,13,,,
IKER,13,,,
JAMAL,13,,,
JAMEL,13,,,
JUDE,13,,,
KIERAN,13,,,
MAXIMILIANO,13,,,
NEHEMIAH,13,,,
NICO,13,,,
PINCHUS,13,,,
REID,13,,,
SERGIO,13,,,
SHLOIMY,13,,,
TROY,13,,,
VINCENZO,13,,,
YERIK,13,,,
YIDA,13,,,
ABDIEL,12,,,
AMAR'E,12,,,
AVI,12,,,
BECKETT,12,,,
CHAD,12,,,
DARIUS,12,,,
DASHIELL,12,,,
EDDIE,12,,,
ELLIOTT,12,,,
GERARDO,12,,,
JAMIR,12,,,
JAYCE,12,,,
JOHANN,12,,,
KEITH,12,,,
KIYAN,12,,,
LEONEL,12,,,
MAURICIO,12,,,
MAXIMO,12,,,
MELVIN,12,,,
ROMAN,12,,,
ROWAN,12,,,
SETH,12,,,
YANDEL,12,,,
YARIEL,12,,,
YOUSEF,12,,,
ZAIN,12,,,
ALEC,11,,,
ARMANDO,11,,,
AVRUM,11,,,
CARMINE,11,,,
CAYDEN,11,,,
CRISTOFER,11,,,
DERECK,11,,,
EZEKIEL,11,,,
EZEQUIEL,11,,,
GREYSON,11,,,
HUGO,11,,,
IBRAHIMA,11,,,
ISIAH,11,,,
JAIME,11,,,
JANUEL,11,,,
JELANI,11,,,
JENCARLOS,11,,,
JUSTICE,11,,,
KACPER,11,,,
MAKSIM,11,,,
MALCOLM,11,,,
MEILECH,11,,,
MENASHE,11,,,
MENDY,11,,,
MORRIS,11,,,
MOUSSA,11,,,
NOAM,11,,,
NOLAN,11,,,
ROBERTO,11,,,
ROGER,11,,,
ROYCE,11,,,
SANTINO,11,,,
SHALOM,11,,,
SHNEUR,11,,,
TERRENCE,11,,,
TERRY,11,,,
YASEEN,11,,,
YECHEZKEL,11,,,
YIDEL,11,,,
YOUSSEF,11,,,
ALDO,10,,,
ALIJAH,10,,,
ALLAN,10,,,
ARTURO,10,,,
AUGUSTUS,10,,,
BENNETT,10,,,
BERISH,10,,,
CADEN,10,,,
COREY,10,,,
DERRICK,10,,,
DEVON,10,,,
DONOVAN,10,,,
EASON,10,,,
ELLIS,10,,,
GIOVANI,10,,,
HASSAN,10,,,
ISHAAN,10,,,
ISHMAEL,10,,,
JAHEIM,10,,,
JANIEL,10,,,
JEANCARLOS,10,,,
LARRY,10,,,
LEV,10,,,
MAKAI,10,,,
MARLON,10,,,
MARQUIS,10,,,
NIGEL,10,,,
NIKOLAS,10,,,
NOSSON,10,,,
QUINCY,10,,,
REED,10,,,
RODNEY,10,,,
SAMIR,10,,,
SHAUL,10,,,
SIDNEY,10,,,
SILAS,10,,,
STEVE,10,,,
TERRELL,10,,,
TOMAS,10,,,
WESLEY,10,,,
YAIR,10,,,
YANIEL,10,,,
YEHUDAH,10,,,
YONAH,10,,,
ZAYAN,10,,,