JAYDEN,822,,,
JACOB,699,,,
ETHAN,670,,,
MATTHEW,598,,,
MICHAEL,597,,,
DANIEL,596,,,
JUSTIN,551,,,
DAVID,548,,,
AIDEN,529,,,
ALEXANDER,502,,,
JOSEPH,477,,,
ANTHONY,454,,,
JOSHUA,443,,,
RYAN,439,,,
CHRISTOPHER,432,,,
NOAH,366,,,
LUCAS,365,,,
MASON,365,,,
ANDREW,364,,,
WILLIAM,361,,,
DYLAN,358,,,
JONATHAN,357,,,
CHRISTIAN,339,,,
BENJAMIN,333,,,
KEVIN,332,,,
LIAM,320,,,
JOHN,317,,,
SAMUEL,315,,,
BRANDON,314,,,
ELIJAH,313,,,
NICHOLAS,313,,,
JAMES,311,,,
GABRIEL,303,,,
SEBASTIAN,279,,,
AARON,273,,,
JEREMIAH,273,,,
JASON,269,,,
ANGEL,263,,,
TYLER,241,,,
ADRIAN,229,,,
AYDEN,226,,,
JACK,225,,,
MOSHE,224,,,
EVAN,218,,,
ADAM,217,,,
HENRY,213,,,
JULIAN,208,,,
ISAAC,196,,,
ABRAHAM,194,,,
ISAIAH,191,,,
NATHAN,191,,,
NATHANIEL,189,,,
ERIC,186,,,
STEVEN,183,,,
CHARLES,181,,,
JORDAN,180,,,
XAVIER,178,,,
JADEN,171,,,
JOSIAH,171,,,
THOMAS,165,,,
ELI,157,,,
LOGAN,156,,,
ALEX,154,,,
OLIVER,152,,,
VINCENT,152,,,
BRIAN,151,,,
JEREMY,150,,,
JOEL,149,,,
CHAIM,147,,,
AIDAN,146,,,
JOSE,144,,,
IAN,143,,,
MAX,142,,,
BRYAN,138,,,
LEO,136,,,
ZACHARY,136,,,
CALEB,133,,,
ROBERT,133,,,
LUIS,131,,,
LUKE,129,,,
AMIR,125,,,
IVAN,121,,,
JAKE,121,,,
AUSTIN,118,,,
GEORGE,118,,,
GAVIN,117,,,
GIOVANNI,117,,,
TRISTAN,116,,,
VICTOR,111,,,
CARLOS,109,,,
KYLE,109,,,
SEAN,109,,,
RICHARD,105,,,
DEREK,104,,,
OWEN,104,,,
EMMANUEL,103,,,
MENACHEM,103,,,
YOSEF,102,,,
ELIAS,101,,,
JACKSON,101,,,
MIGUEL,101,,,
JUAN,99,,,
ALAN,96,,,
PATRICK,96,,,
SHIMON,94,,,
CAMERON,93,,,
NICOLAS,92,,,
MARCUS,91,,,
MARK,89,,,
CHASE,88,,,
DEVIN,88,,,
MOHAMED,88,,,
EDWIN,86,,,
OMAR,86,,,
LEONARDO,84,,,
OSCAR,82,,,
EDWARD,81,,,
ANDY,80,,,
PETER,78,,,
JAIDEN,77,,,
MORDECHAI,76,,,
MUHAMMAD,76,,,
ANTONIO,75,,,
YISROEL,75,,,
MOHAMMED,74,,,
YEHUDA,74,,,
MALACHI,72,,,
LUCA,71,,,
JESUS,70,,,
TIMOTHY,70,,,
AXEL,69,,,
ALEJANDRO,68,,,
JONAH,67,,,
MILES,66,,,
CONNOR,64,,,
ALVIN,63,,,
KAYDEN,62,,,
MATEO,61,,,
SHLOMO,61,,,
SIMON,61,,,
ARON,60,,,
ERICK,60,,,
YAKOV,60,,,
KENNETH,59,,,
AHMED,58,,,
JACE,58,,,
RAFAEL,58,,,
ALI,57,,,
AMARI,57,,,
FELIX,57,,,
ARIEL,56,,,
HUNTER,56,,,
YITZCHOK,56,,,
ALEXIS,55,,,
ASHER,55,,,
BRYCE,55,,,
LEVI,55,,,
CARTER,54,,,
DIEGO,54,,,
DOMINIC,54,,,
CRISTIAN,53,,,
HARRISON,53,,,
HUDSON,53,,,
THEODORE,53,,,
ANDRES,51,,,
DANNY,51,,,
JADIEL,51,,,
MARTIN,51,,,
RAYMOND,51,,,
ISRAEL,50,,,
SANTIAGO,50,,,
RANDY,48,,,
SOLOMON,48,,,
ZION,48,,,
ALLEN,47,,,
LOUIS,47,,,
MEIR,47,,,
ZEV,47,,,
DOV,46,,,
FRANK,46,,,
MOHAMMAD,46,,,
PRINCE,46,,,
ASHTON,45,,,
EDUARDO,45,,,
YAAKOV,45,,,
ANGELO,44,,,
JEFFREY,44,,,
SHMUEL,44,,,
LANDON,43,,,
SHAWN,43,,,
IBRAHIM,42,,,
PAUL,42,,,
SHULEM,42,,,
KAI,41,,,
MICAH,41,,,
TRAVIS,41,,,
TZVI,41,,,
DOVID,40,,,
JORGE,39,,,
AVRAHAM,38,,,
ELIEZER,38,,,
JAVIER,38,,,
JAYLEN,38,,,
JAYSON,38,,,
JEAN,38,,,
MARCO,38,,,
MAXWELL,38,,,
CHRIS,37,,,
COLE,37,,,
DOMINICK,37,,,
LEON,37,,,
ELIYAHU,36,,,
JERRY,36,,,
JOHNNY,36,,,
KINGSLEY,36,,,
LORENZO,36,,,
MENDEL,36,,,
SALVATORE,36,,,
JOSUE,35,,,
KADEN,35,,,
RICARDO,35,,,
SAM,35,,,
ADRIEL,34,,,
JESSE,34,,,
JUDAH,34,,,
WILSON,34,,,
ANDERSON,33,,,
BLAKE,33,,,
DARREN,33,,,
ELLIOT,33,,,
EZRA,33,,,
MEKHI,33,,,
NASIR,33,,,
PRESTON,33,,,
ADEN,32,,,
ANDRE,32,,,
AVERY,32,,,
COLIN,32,,,
DECLAN,32,,,
FRANCISCO,32,,,
GREGORY,32,,,
JAY,32,,,
RILEY,32,,,
SIMCHA,32,,,
AYAAN,31,,,
BRAYDEN,31,,,
DARIEL,31,,,
HECTOR,31,,,
MANUEL,31,,,
MOSES,31,,,
SHANE,31,,,
ABDULLAH,30,,,
ARI,30,,,
COOPER,30,,,
MATTEO,30,,,
SHIA,30,,,
STEPHEN,30,,,
ARTHUR,29,,,
CARMELO,29,,,
CESAR,29,,,
EDGAR,29,,,
JARED,29,,,
MARCOS,29,,,
MAXIMILIAN,29,,,
MAXIMUS,29,,,
PEDRO,29,,,
USHER,29,,,
ALBERT,28,,,
FERNANDO,28,,,
JOHAN,28,,,
KAIDEN,28,,,
NELSON,28,,,
ADONIS,27,,,
ARJUN,27,,,
AVROHOM,27,,,
JULIO,27,,,
LUKAS,27,,,
MAMADOU,27,,,
MARC,27,,,
MAXIM,27,,,
YECHIEL,27,,,
DAMIAN,26,,,
DENNIS,26,,,
EMANUEL,26,,,
JULIUS,26,,,
PHILIP,26,,,
RAYAN,26,,,
SHAYA,26,,,
EDISON,25,,,
EFRAIM,25,,,
JARIEL,25,,,
PABLO,25,,,
WYATT,25,,,
YADIEL,25,,,
ARYEH,24,,,
BRADLEY,24,,,
DEAN,24,,,
HERSHEL,24,,,
MALIK,24,,,
MAYER,24,,,
NOEL,24,,,
SINCERE,24,,,
TENZIN,24,,,
BRAYAN,23,,,
BRENDAN,23,,,
CALVIN,23,,,
FINN,23,,,
JOAQUIN,23,,,
MARIO,23,,,
MESSIAH,23,,,
STANLEY,23,,,
BEN,22,,,
HAYDEN,22,,,
KELVIN,22,,,
YEHOSHUA,22,,,
BARUCH,21,,,
DANTE,21,,,
ELVIS,21,,,
EMILIO,21,,,
GRAHAM,21,,,
GRIFFIN,21,,,
HERSHY,21,,,
LUKA,21,,,
RAPHAEL,21,,,
SHOLOM,21,,,
URIEL,21,,,
ABDUL,20,,,
AKIVA,20,,,
ARMANI,20,,,
CARSON,20,,,
CHARLIE,20,,,
CODY,20,,,
JACKY,20,,,
JASPER,20,,,
KENNY,20,,,
LAZER,20,,,
MATIAS,20,,,
MILO,20,,,
YOEL,20,,,
AHARON,19,,,
BENSON,19,,,
BRODY,19,,,
BYRON,19,,,
FRANCESCO,19,,,
GRAYSON,19,,,
KHALIL,19,,,
KYMANI,19,,,
LIPA,19,,,
MATHEW,19,,,
OMARI,19,,,
ROCCO,19,,,
RUBEN,19,,,
ZAIRE,19,,,
ANSON,18,,,
ARYAN,18,,,
DARWIN,18,,,
DERICK,18,,,
ERIK,18,,,
GAEL,18,,,
JUNIOR,18,,,
KALEB,18,,,
MOISES,18,,,
MOISHE,18,,,
NAFTALI,18,,,
NAFTULI,18,,,
AHRON,17,,,
BRYANT,17,,,
ELIAN,17,,,
FARHAN,17,,,
ILAN,17,,,
ISMAEL,17,,,
KAMARI,17,,,
MIKE,17,,,
SHLOME,17,,,
SHMIEL,17,,,
YITZCHAK,17,,,
ABDOUL,16,,,
AUGUST,16,,,
BORUCH,16,,,
ELIMELECH,16,,,
HARRY,16,,,
JASIAH,16,,,
JERMAINE,16,,,
JOHNATHAN,16,,,
LEANDRO,16,,,
MARVIN,16,,,
MAURICE,16,,,
PARKER,16,,,
RICKY,16,,,
RYDER,16,,,
SHEA,16,,,
SYED,16,,,
TONY,16,,,
YAHIR,16,,,
AARAV,15,,,
ALBERTO,15,,,
ALFREDO,15,,,
AMADOU,15,,,
AMARE,15,,,
ARMAAN,15,,,
CHANCE,15,,,
DAMIEN,15,,,
GAVRIEL,15,,,
GUSTAVO,15,,,
JALEN,15,,,
JIA,15,,,
LAMAR,15,,,
MYLES,15,,,
PINCHAS,15,,,
RODRIGO,15,,,
ROHAN,15,,,
SEKOU,15,,,
SHLOIME,15,,,
SPENCER,15,,,
ABEL,14,,,
ADITYA,14,,,
BINYOMIN,14,,,
BRYSON,14,,,
CHESKEL,14,,,
DWAYNE,14,,,
EITAN,14,,,
ENRIQUE,14,,,
FRANKLIN,14,,,
GRANT,14,,,
HERSH,14,,,
JAHMIR,14,,,
JEFFERSON,14,,,
JEREMIAS,14,,,
JIMMY,14,,,
JULIEN,14,,,
KAMERON,14,,,
KING,14,,,
LAWRENCE,14,,,
OUSMANE,14,,,
ROMEO,14,,,
YISRAEL,14,,,
ZALMEN,14,,,
ZYAIRE,14,,,
ABDOULAYE,13,,,
AMROM,13,,,
BENZION,13,,,
BRADY,13,,,
CONOR,13,,,
CRISTOPHER,13,,,
EMILIANO,13,,,
ESTEBAN,13,,,
FILIP,13,,,
FREDDY,13,,,
GIOVANNY,13,,,
IKER,13,,,
JAMAL,13,,,
JAMEL,13,,,
JUDE,13,,,
KIERAN,13,,,
MAXIMILIANO,13,,,
NEHEMIAH,13,,,
NICO,13,,,
PINCHUS,13,,,
QUINN,13,,,
REID,13,,,
SERGIO,13,,,
SHLOIMY,13,,,
TROY,13,,,
VINCENZO,13,,,
YERIK,13,,,
YIDA,13,,,
ABDIEL,12,,,
AMAR'E,12,,,
AVI,12,,,
BECKETT,12,,,
CHAD,12,,,
DARIUS,12,,,
DASHIELL,12,,,
EDDIE,12,,,
ELLIOTT,12,,,
GERARDO,12,,,
JAMIR,12,,,
JAYCE,12,,,
JOHANN,12,,,
KEITH,12,,,
KIYAN,12,,,
LEONEL,12,,,
MAURICIO,12,,,
MAXIMO,12,,,
MELVIN,12,,,
ROMAN,12,,,
ROWAN,12,,,
SETH,12,,,
YANDEL,12,,,
YARIEL,12,,,
YOUSEF,12,,,
ZAIN,12,,,
ALEC,11,,,
ARMANDO,11,,,
AVRUM,11,,,
CARMINE,11,,,
CAYDEN,11,,,
CRISTOFER,11,,,
DERECK,11,,,
EZEKIEL,11,,,
EZEQUIEL,11,,,
GREYSON,11,,,
HUGO,11,,,
IBRAHIMA,11,,,
ISIAH,11,,,
JAIME,11,,,
JANUEL,11,,,
JELANI,11,,,
JENCARLOS,11,,,
JUSTICE,11,,,
KACPER,11,,,
MAKSIM,11,,,
MALCOLM,11,,,
MEILECH,11,,,
MENASHE,11,,,
MENDY,11,,,
MORRIS,11,,,
MOUSSA,11,,,
NOAM,11,,,
NOLAN,11,,,
ROBERTO,11,,,
ROGER,11,,,
ROYCE,11,,,
SANTINO,11,,,
SHALOM,11,,,
SHNEUR,11,,,
TERRENCE,11,,,
TERRY,11,,,
YASEEN,11,,,
YECHEZKEL,11,,,
YIDEL,11,,,
YOUSSEF,11,,,
ALDO,10,,,
ALIJAH,10,,,
ALLAN,10,,,
ARTURO,10,,,
AUGUSTUS,10,,,
BENNETT,10,,,
BERISH,10,,,
CADEN,10,,,
COREY,10,,,
DERRICK,10,,,
DEVON,10,,,
DONOVAN,10,,,
EASON,10,,,
ELLIS,10,,,
GIOVANI,10,,,
HASSAN,10,,,
ISHAAN,10,,,
ISHMAEL,10,,,
JAHEIM,10,,,
JANIEL,10,,,
JEANCARLOS,10,,,
LARRY,10,,,
LEV,10,,,
MAKAI,10,,,
MARLON,10,,,
MARQUIS,10,,,
NANA,10,,,
NIGEL,10,,,
NIKOLAS,10,,,
NOSSON,10,,,
QUINCY,10,,,
REED,10,,,
RODNEY,10,,,
SAMIR,10,,,
SHAUL,10,,,
SIDNEY,10,,,
SILAS,10,,,
STEVE,10,,,
TAYLOR,10,,,
TERRELL,10,,,
TOMAS,10,,,
WESLEY,10,,,
YAIR,10,,,
YANIEL,10,,,
YEHUDAH,10,,,
YONAH,10,,,
ZAYAN,10,,,